Questions,Answers
What year did Guns N Roses perform a promo for a movie starring Arnold Schwarzenegger as a former New York Police detective?,1999
Brown State Fishing Lake is in a country that has a population of how many inhabitants ?,"9,984"
"Which performance act has a higher instrument to person ratio, Badly Drawn Boy or Wolf Alice? ",Badly Drawn Boy
"The Livesey Hal War Memorial commemorates the fallen of which war, that had over 60 million casualties?",World War II
"Ellie Goulding worked with what other writers on her third studio album, Delirium?","Max Martin, Savan Kotecha and Ilya Salmanzadeh"
"Based on a True Story... is an album by which country music star, with the single My Eyes?",Blake Shelton
Were the bands Skin Yard and Ostava from the U.S.?,no
The youngest daughter of Lady Mary-Gaye Curzon stars with Douglas Smith and Lucien Laviscount  in what 2017 film?,The Bye Bye Man
When was the palace founded at which Columba de Dunbar died in 1435?,the late 12th Century
The author of Sexual Politics attended which British University?,Oxford
"Who had the best singles ranking, Roberta Vinci or Jorge Lozano?",Roberta Vinci
"Which song was behind the third single on the album  ""A Lot About Livin' (And a Little 'bout Love)"" for two weeks on the country charts?","""We'll Burn That Bridge"""
"Which came out first, Dinosaur or McFarland, USA",Dinosaur
Both Bishop Carroll Catholic High School and Kapaun Mt. Carmel Catholic High School are located in which city in Kansas?,Wichita
The Memphis Hustle are based in a suburb of a city with a population of what in 2010?,"48,982"
Are both Dafeng District and Dazhou located in the same province?,no
"What material did a hairdresser from Yorkshire, England invent that was named by his granddaughter?",Starlite
One Raffles Place is one of the tallest skyscrapers in the city of Singapore and tallest in the wolrd outside North America until it was succeeded by a Building in city?,Hong Kong
The Kansas City Wizards have had three home venues in Kansas City in their time.  Which was their first?,Arrowhead Stadium
Salisbury Woodland Gardens links a zoo with a park designed and built under the watchful eye of who?,Thomas Mawson
Jamie Harris is best known for his role as The Hook-Handed Man in a movie directed by who ?,Brad Silberling
"Marion Greene was a health policy analyst for St. Judt Medical company, which had how many principal operations worldwide?",20
Which Genus has more species Eucryphia or Lepidozamia ?,Eucryphia
Which film was released first: Sacred Planet or Oz the Great and Powerful?,Sacred Planet
"Other than racing, what sport does the 1998 champion of the Toyota GRand Prix practice?",paracyclist
What officially ended the first phase of the military conflict between the British Raj and the Emirate of Afghanistan from 1878 to 1880?,Treaty of Gandamak
Where is the Cocoa Krispies and former Superman sponsor located?,"Battle Creek, Michigan"
How many days did it take the Best New Artist of 2009 to sell 2 million copies of an album in the UK and break a twenty year old record?,29
"What is the international football competition for women that Liu Ailing played in the 1991,1995, 1999 editions?",international football competition
The city that contains the Yunnan Provincial Museum is also known by what nickname?,Spring city
What 2017 Christopher B. Landon directed American slasher film is Jessica Rothe starring in?,Happy Death Day
"when was the album that includes the song by Dustin Lynch released to country radio on February 17, 2017?",8-Sep-17
What city did the characters from Gargoyles the Movie: The Heroes Awaken wake up in after being in an enchantedly petrified state for a thousand years?,modern-day New York City
Which American writer wrote both The Ganymede Takeover (1967) and The Man in the High Castle (1962)?,Philip K. Dick
"Which football team does Lewis Young's older brother, Ashley Young, play for?",Premier League club Manchester United and the England national team
"The Indian actor and philanthropist, who starred in ""Mera Damad,"" entered the film industry in what year?",1977
"Which magazine is older, Gallery or Dime Magazine?","arose on the ""Playboy"" magazine pattern in the 1970s."
How large is the shopping mall where KGOT radio station has its studios ?,"728,000 ft²"
"Jacques Mathou starred in Delicatessen, the 1991 French movie in the style of which celebrated American animator?",Terry Gilliam
What is the height of the player who won the 2015 AFL Rising Star award?,1.95 m
The movies The Boatniks and The Great Locomotive Chase were both made by which production company?,Walt Disney Productions
Mick Carter is the landlord of a public house located at what address?,"46 Albert Square, Walford, London E20"
What is the shared country of ancestry between Art Laboe and Scout Tufankjian?,Armenian
How many Senate seats will be contested during the midterm elections that Nancy Soderberg has filed to run for Congress in?,33
How many restaurants comprise the quick service restaurant chain that Ron Joyce helped found?,"4,613"
"What type of film are both ""500 Years Later"" and ""Manson""?",documentary
What professions did S. Sylvan Simon and Danny Cannon have in common?,director and producer
"Where is the academy, for which Joseph D. Stewart was appointed Superintendent, located?","Kings Point, New York"
Luke Null is an actor who was on the program that premiered its 43rd season on which date?,30-Sep-17
"The Azad Hind Dal was created by an Indian nationalist whose defiant patriotism made him a hero in India, but whose attempt to rid India of British rule during what war left a troubled legacy?",World War II
"The 2011 La Manga Cup was won by Viking, who beat which Norwegian football club from the town of Kristiansand, currently playing in Tippeligaen having been promoted from Adeccoligaen in 2012?",IK Start
"Which band has released the most studio albums, Blonde Redhead or Rob Zombie's band White Zombie?",Blonde Redhead
Where was the movement that August Brancart published literature from centerd?,Western Europe
Stephen susco wrote a movie produced by which american film actor?,Sam Raimi
are the documentaries Out of Place and The Mosuo Sisters by the same director ?,no
Watercliffe Meadow Primary Schools name change is an example of what term generally used to describe the avoidance of certain language?,political correctness
"Approximately how many locations is BJ's Wholesale Club operating in, as of early 2008?",650 locations
"What year was the American healthy lifestyle magazine, in which Georgia Rickard contributed, started?",1950
"Thomas Matthew ""Tom"" Chappell co-founded a commpany in 1970 that manufactures what products?",natural-ingredients-only personal care products
What type of beliefs does Mount Ida and Rhea have in common?,Greek mythology
Where does the story take place in 1988 film The Moderns?,1926 Paris
Angelo Francesco Lavignino scored a 1965 English-language Spanish-Swiss co-produced film that was directed by and also starred who?,Orson Welles
What three categories does income get levied under the Parliament of Australia's tax code?,"""personal earnings"" (such as salary and wages), ""business income"" and ""capital gains"""
Scout Tufankjian and Daron Malakian are both what?,Armenian-American
Which novelist wrote under the pen name Walter Ericson: Laura Esquivel or Howard Fast?,Howard Melvin Fast
Edmund Robert Harris is the principal benefactor of a museum located where ?,Preston
Were Illinois Institute of Technology and Boise State University both bounded before 1950?,yes
Erwin Lambert was a member of which paramilitary organization under Hitler?,Schutzstaffel
"Michael Pollock was was a senior officer in the United Kingdom's naval warfare force, also known as the what?",Royal Navy
What is the population of the city at which the transmitter of WLLZ-LP was placed? ,"143,372"
"Who is descended from William, 4th Lord Livingston and was a statesman from New York City? ",Philip Livingston
Padosan had a supporting actor who is known as a successful playback singer in what language?,Hindi
Macclesfield Town F.C. plays in the league sponsored by whom?,Vanarama
"What song by the American rapper Coolio is on his greatest hits album ""Fantiastic Voyage"" and samples from a Stevie Wonder song?",Gangsta's Paradise
Who was the eldest brother of the Mexican drug trafficker born 12 March 1952?,Francisco Rafael Arellano Félix
In which University is Richard Williams' former assistant a member of the Athletics Hall of Fame?,Campbellsville University
"Marvel Classics Comics specialized in adaptations of literary classics, such as a novel by American writer Herman Melville, that was published in what year?",1851
"When was the Chief Aerodynamicist for the British supersonic land vehicle, whose goal is to match or exceed 1000 mph achieving a new world land speed record, born?",1932
The third emperor in the Year of the Four Emperors had how many wives? ,second
Keanu is a 2016 American action comedy film directed by Peter Atencio and written by who?,Jordan Peele
Where is the seminar Jeanne Marie Beaumont directed in 2007-2010 located?,"Franconia, New Hampshire"
What is the name of the father of Childericus?,Merovech
Immanuel Lutheran School is affiliated with the denomination that has how many members?,2.1 million
in the 2004 Hockey film produced by a former major league baseball pitcher who played the USA coach?,Kurt Russell
Tamanchey is a comedy film that starred the actress who works in what type of films?,Hindi
"Which star of ""Chalet Girl"" also appeared in ""The Treasure Seekers""?",Felicity Rose Hadley Jones
Who currently has more store locations? Bearno's or Patxi's Chicago Pizza?,Bearno's Pizza
Bethpage State Parkway begins with an interchange at which Long Island-based limited access highway?,Southern State Parkway
At what frequency the magazine publishes which ranked  Aditya Puri #24th in India's 50 Most powerful people of 2017 list?,fortnightly
"Which plant genus has a longer common name, Myrtus or Eustoma?",Eustoma
"Which Nigerian footballer who plays as a forward for Shanghai Greenland Shenhua was one of eleven players to have played in the top divisions in Italy, Spain, England and Germany?",Obafemi Martins
 Who was born first Doug Liman or Saul Metzstein?,"Douglas Eric ""Doug"" Liman"
"Which band has more members, Kitchens of Distinction or Royal Blood?",Kitchens of Distinction
Cistus and Stapelianthus are both forms of what?,flowering plants
An Cat Dubh / Into the Heart is a song from the U2 album released on what date?,20-Oct-80
What is the current position held by the Nathan Sharansky's co-author of the book The Case for Democracy?,Israeli Ambassador
What casino in Las Vegas which is now operated by MGM Resorts International was developed by William G. Bennett?,Excalibur Hotel and Casino
Paul DeBoy is known for an appearance in the Western action-adventure game developed by which company?,Rockstar San Diego
"What is the name of this New York based American investment management firm founded in 1982, whose co-CEO is Robert Mercer?",Renaissance Technologies
Are Des Moines International Airport and Grand Canyon National Park Airport both major airline hubs?,no
 The Canadian Hot 100 is a music industry record chart in Canada for for a song that is released separately from what?,an album
Is Karjiang a mountain and Sherpi Kangri a mountain peak?,yes
Which one the cast members in the film Only Lovers Left Alive also played in Othello?,Tom Hiddleston
"Stephen Graham starred in a film in 2006, directed by whom?",directed by Shane Meadows
Which member of the research project conducted by the Creation Research Society and the Institute for Creation Research between 1997 and 2005 was Kevin R. Henke most critical of? ,Russell Humphreys
Psycho-physical Awareness was developed into an original and dependable method by a Russian-American actor who was referred to by Konstantin Stanislavski as what?,his most brilliant student
What is the name of the character portrayed by Anna Camp in the film centered on the fictional Barden University and The Bellas?,Aubrey Posen
"Which Istanbul mosque is unique for retaining a Baroque style of architecture, the Bayezid II Mosque or the Nusretiye Mosque?",Nusretiye Mosque
What production company was founded by George Balanchine to create a live stage version of the 1942 film Casablanca?,The Los Angeles Dance Theater
"What city that Lettuce Lake Park is just outside of is the largest in Hillsborough County, Florida? ",Tampa
Which US Supreme court case involved a waiver of right to counsel Planned Parenthood v. Casey or Montejo v. Louisiana?,Montejo v. Louisiana
"Who produced the 1998 British comedy starring the director of the feature film ""Eddie the Eagle""?",Matthew Vaughn
"In what year was the band, whose bassist joined Arvas in 1996, formed?",1992
Which company does Timothy Oulton retail his products through that is based in Corte Madera?,Restoration Hardware
In between Atsushi Ogata and Ralph Smart who graduated from Harvard College?,Atsushi Ogata
The owner of radio station KWPW has the same name as an American character actor. What is it?,Bill McCutcheon
What game did the team with an 11-1 regular season record play in for the BCS title game?,2004 Nokia Sugar Bowl
"What German medium tank, sometimes called the ""Mark V"", that was deployed on the Eastern and Western fronts from mid-1943 provided the armor and suspension for the chassis of the tank destroyer built by Nazi Germany during World War II?",The Panther
Abraham Lincoln Neiman and his wife Carrie Marcus Neiman cofounded Neiman Marcus with Carrie's brother Herbert in which American city in 1907?,Dallas
Which show that premiered in May 2011 is hosted by someone with the birth name Richard Kirschner?,My Cat from Hell
"Abraham Lokin was born on an archipelago between the Norwegian Sea and North Atlantic, that is about 200 miles north-northwest of where?",Scotland
Do the bands named Phoenix and Shearwater specialize in the exact same genre?,no
"Which former American football player had a part in the movie ""Gamer?""",Terry Crews
"North Blenheim, New York was destroyed by flooding caused by the Hurricane that landed in what month?",11-Aug
"Who is older, Ivan Foster or Ian Paisley?",Ian Paisley
"The founder of this Canadian owned, American manufacturer of business jets for civilian and military developed this portable tape system.",8-track
"Which American rock band was formed first, Soil or Drowning Pool?",Drowning Pool
What artistic endeavor do Fallujah and Dying Fetus have in common?,death metal band
"Which Star of British-Canadian-American satirical comedy, co starting with Ricky Gervais, began his career in sketch comedy series""Full Frontal"" ?",Eric Banadinović
Kevin Watson currently manages which Southern League football team?,Bishop's Stortford
What New York representative and politician was defeated by Alan Hevesi in 2002?,John Faso
"What mixed martial arts even took place at a closed hotel and casino on the Boardwalk in Atlantic City, owned by Trump Entertainment Resorts?",The War of '04
Li Yitong made her television debut on which network?,Dragon TV
Who manufactured the scooter upon which the Bajaj Priya was based off of?,Piaggio
Cranium and Twin Tin Bots are both what?,games
When did the author of the book One More River is based on win the Nobel Prize?,1932
Did the board game San Marco or About Time come out first?,San Marco
What type of veterinary specialist is the star veterinarian of The Bionic Vet?,neuro-orthopaedic
Are both Helen Dunmore and M. P. Shiel of West Indian descent?,no
What is the nationality of the wrestler who sang on A Jingle with Jillian?,American
EMU Australia is best known for their unisex style boots that are typically made of what?,Sheepskin
Hardley Flood is an area of lagoons that support populations of the waterfowl that are a medium sized version of what animal?,duck
"Johnny Mathis: Wonderful Wonderful aired at what luxury hotel, casino and spa resort located in Atlantic City, New Jersey?",Tropicana Casino & Resort
What is the name of the popular shopping destination located close to the Taj Mahal and Agra Fort in India?,Sadar Bazaar
"Which University was founded earlier, Pennsylvania State University or Queen's University?",Queen's University
The wolf pack football team represented what university? ,"University of Nevada, Reno"
Adena Friedman was formerly the managing director and CFO of a company that specializes in what four key business areas?,"corporate private equity, real assets, global market strategies, and investment solutions."
How many consecutive years had the Serie A been comprised of 18 teams when Hernan Crespo got injured?,15th consecutive
Which ground force of the Austro-Hungarian Dual Monarchy did Jan Romer joined ,The Austro-Hungarian Army
"The county that the community of Milltown, Montana is part of was founded in which year?",1860
Are PC Magazine and Sculptural Pursuit both technology publications?,no
Why is Serena Williams more accomplished than Mariaan de Swardt in her tennis career?,the world No. 1 for the first time
"Jennifer Gordon received a bachelor of arts degree from which women's liberal arts college in Cambridge, Massachusetts, and functioned as a female coordinate institution for the all-male Harvard College?",Radcliffe College
Who created the manga series originally serialized from 1994-1995with a superheroine?,Tonde Burin
"Which documentary was filmed first, Almost Sunrise or Hail! Hail! Rock 'n' Roll?",Hail! Hail! Rock 'n' Roll
What creature of American folklore gained notoriety in 1964?,Dewey Lake Monster
What profession do Raj Kapoor and Mike Cahill share?,director
"The actress who played Laurie Keller in the episode ""Pilot"" of the show Cougartown won what award in 2011?",Critics' Choice Television Award for Best Supporting Actress in a Comedy Series
What year was the Argentine singer and actor who both directed and starred in El Tio Disparate born?,1942
Who was hung for assisting the attempted surrender of a defector from the American Continental Army to the British Army?,John André
In what basketball position does the brother of Saulius Kuzminskas play?,small forward
What type of the district is the Downtown Bentonville of the state in the southeastern region of the United States which is home to over 3 million people as of 2017?,business district
"What is the name of the genocidal mass slaughter of Tutsi Rwanda, in which Cyprian and Daphrose Rugamba were assassinated?",Rwandan genocide
Which fictional MI6 agent is a fictional character created by the British journalist and novelist Ian Fleming in 1952?,Commander James Bond RN
Kenneth Arnold reported the first unidentified object sighting in what city and state in 1947?,"Mount Rainier, Washington"
Where are Neoregelia and Aloysia known to grow,"temperate climates,"
In what county is The Third Fitzwilliam Meetinghouse located?,"Cheshire County, New Hampshire"
Metro West Ambulance serves event support for the building in Portland formerly known as what?,Rose Garden
What is the population of the town that gets it's water supply from Canobie Lake?,"28,776 at the 2010 census"
"What is the name of the company manged by Joseph Reiser based in Biel/Bienne, Switzerland?",Omega SA
What was the name of the first biography of Brontë written by the author of Mary Barton?,Elizabeth Gaskell
What collegiate division does the team coached by P.W. Underwood play in?,Division I
What was the name of the alum by the Scorpions that contained one of their most famous songs written by Klaus Meine and Herman Rarebell?,Love at First Sting
"Which band, Matthew Good Band or Switchfoot is still together?",Switchfoot
"Which is a university in Pennsylvania, University of New Haven or Carnegie Mellon University?",Carnegie Mellon University
What is the name of the fashion label that the founder of the Faena Arts Center founded in 1985?,Via Vai
What is the call sign of the airline that operates the flight with United Express Flight 3411 incident?,Brickyard
What are the names of the co-directors of the psychological horror film starring Emily Browning and Elizabeth Banks?,Charles and Thomas Guard
"""Aroma-scope"" used in Spy Kids 4 is reminiscent of what marketing gimmick used in Polyester in 1981?","""Odorama"""
"Did the host of Splash! win a gold, silver, or bronze Olympic medal?",bronze
"On what album is Samuel ""Sam"" Ervin Beam's cover of ""Such Great Heights"" featured?","""Give Up"""
What is the total circulation of the magazine that called Ohio State Route 78 one of the most scenic highways nationwide?,Car and Driver
"Between MetroSource and Chicago, which magazine is published more frequently?",Chicago
"Who has a wider scope of profession,  José Echegaray or Graham Swift?",José Echegaray
What genre does Orkworld and John Wick have in common?,role-playing
Which star of Here Come the Munsters was born in Philadelphia ?,Veronica Hamel
What county is the congressional district that Hansen Clarke was a U.S. Representative for in?,Wayne County
"Which dog is based in Switzerland, Appenzeller Sennenhund or Drentse Patrijshond?",Appenzeller Sennenhund
Is the university that owns WCSU-FM historically black or white?,black
What occupation have Carly Gullickson and Francesca Schiavone both held?,professional tennis player.
What is the age range of the league for which the Bobby Smith Trophy is awarded?,16-21
Which documentary film came out first The Last Lions or Prophet's Prey ?,The Last Lions
At what university can the building that served as the fictional household that includes Gomez and Morticia be found?,Syracuse University
"Which was released first, The Greatest Game Ever Played or Hot Lead and Cold Feet?",Hot Lead and Cold Feet
Which award David Hersey had got for Equus a play by Peter Shaffer ?,Outstanding Lighting Design
"Which drink is larger, the Apple-Kneel or the Flaming volcano?",The flaming volcano
What Andy Williams' album did a song written by Charles Wesley appear on?,The Andy Williams Christmas Album
Who co-wrote The Hidden History of the Human Race with a man know devotionally as Drutakarma dasa?,Richard L. Thompson
"What WikiLeaks using whistleblower is notable for having a hacking organization with a user base of over 1,800,000?",Jeremy Hammond
"In the 1970s, which group acquired this department store group in the United Kingdom whose co-founding director is the father of Lieutenant Colonel Donald Swain Lewis?",Army & Navy Stores
Who covered the song I Love You by Chris Write?,People! and The Carnabeats
Phoebe Ruguru created a 2014 film on a smartphone marketed by what company?,Apple
"Charles Barton ""Chuck"" Kendall, Jr. was reportedly interested in purchasing the Los Angeles Clippers from which Jewish-American businessman?",Donald Sterling
Evan Williams played for what professional football club that was originally known as St. Luke's FC?,Wolverhampton Wanderers Football Club
"Who is younger, Wayne Coyne or Toshiko Koshijima?",Toshiko Koshijima
What was the Volvo S70 essentially modeled after and was the first all wheel drive Volvo?,Volvo 850
"Meomi Design works include The Octonauts book series, how did the adaptations of the series continue? ",a British children's television series
"When was the only long-term psychiatric hospital operated founded in a county in the USA with a population of 9,298 in 2010?",in 1877
What is the weight limit of the weight class that Takeyasu Hirono fights in?,125 lb (57 kg)
"Ray Roughler Jones single-handedly produced the magazine Roughler, but what Swedish singer-songwriter made contributions to the magazine?",Neneh Cherry
"Which professional tennis player was born first, Lucie Hradecká or Raffaella Reggi?",Raffaella Reggi
Rumble Fish was a novel by the author of the coming-of-age novel published in what year by Viking Press?,1967
Between Harvey Pekar and Denise Levertov who was born earlier?,Denise Levertov
What Brooklyn-based rapper has worked with both Rafeal Casal and Mos Def?,Talib Kweli
Where does Tiko's Spanish football club hold home games at?,Estadio de López Cortázar
What is the nickname of a professional German footballer as well as the name of a children's book?,The BFG
Are Centaurium and Dacrydium both genuses of plant species?,yes
"In what year was the Sayrevill, New Jersey rock band that Frankie LaRocka played drums for formed?",1983
"What area once connected Great Britain to continental Europe, and is thought to have been submerged around 6,200 BCE by a massive landslide along 290 km of the continental shelf?",Doggerland
"Which is longer, Hampshire and Hampden Canal or Tennessee-Tombigbee Waterway?",Tennessee-Tombigbee Waterway
"How often do trains run on the system which has a terminal station located at the intersection of 32nd Street and Sixth Avenue in the Herald Square neighborhood of Manhattan, New York City?",24 hours a day and 7 days a week
"What Congressional district featured Republican nomiee Willie Vaden in 2004, 2006, and 2008?",Texas's 27th congressional district
"What's the familiar short name of Polyethylene terephthalate, a material used by bottle makers such as Ecopack of Pakistan?",PET
"How is Christopher Buckley related to the founder of ""National Review"" magazine?",son
In what type of imprisonment where the inmates Arne Berge helped rescue during operation White Buses?,concentration camp
"What city, located in Lincoln County, Montana, United States, is Vegepet based in?","Troy, Montana"
J. Searle Dawley and Ken Annakin were both directors of what?,"Kenneth Cooper ""Ken"" Annakin, OBE (10 August 1914 - 22 April 2009) was a prolific English film director."
What term is the current chairman of Prince William County serving?,fourth term
Are Hoodoo Gurus and Pierre Bouvier of the same nationality?,no
"What band in the ""Art Wave"" scene is based in Glasgow?",Franz Ferdinand
Pashto is the main language among a diaspora that has it's largest community in which country ?,Pakistan
"Which is the Oil Capital of China, Chaoyang District, Shantou, or Daqing?",Daqing
Are both the Wire Fox Terrier and West Siberian Laika dog breeds?,yes
"The NG postcode area is situated approximately how many miles from Gamston, Rushcliffe?",approximately 3 mi
Which British racing driver has raced for 7 different teams and won the European Grand Prix in 1999?,Johnny Herbert
Where did the punter for the Dallas Cowboys in the 1980s play college football?,Arizona State University
The 1966 Football League Cup Final was contested with which team that is based in the West Midlands?,West Bromwich Albion Football Club
"Mike Huckabee took part in the most recent Republican Presidential primaries, which began on what 2016 date?",1-Feb
What song was number 4 on the charts when a song from FutureSex/LoveSounds was number 1?,Rudebox
Where do the team that John Grant joined after the 1972 World Cup now play their games ?,Halliwell Jones Stadium
"After joining Saturday Night Live in 2012, Cecily Strong played which character in the sketch ""What Up with That""?",Piper
Who was responsible for the Soviet-Albanian split?,Nikita Khrushchev
"Which of the steering committee was an American broadcast journalist, best known as anchorman for the ""CBS Evening News"" for 19 years?",Walter Cronkite
Who served as the 1st Vice President of Colombia under El Libertador?,Antonio Hilarión Zea Díaz
"What is the surname of the recorder of ""Jupiter (Swallow the Moon)""",Kilcher
What Labor member of the House of Representatives in the Australian Parliament was a member of the Australian Labor Party Australian Young Labor?,Tony Burke
Are Ash Lieb and Elswyth Thane both artists?,no
"What type of mansion was built for the founder of the company marketed the oil engine under the ""Hornsby-Akroyd"" name?",Gothic Revival
My First Mister co-stars an actor who was best known for his role as what character on the TV series Roseanne?,Dan Conner
How many households does the network that Di-Gata Defenders plays on in South Africa reach?,1.5 million households
"Which was published founded most recently, InStyle or Godey's Lady's Book?",InStyle
Who is older Craig Nicholls or Norman Blake ?,Norman Blake
Where was the rapper in 13 Dead Men from?,New Orleans
 Thomas Anthony Jankiewicz was best known for penning a film staring an actress who played Fiona Bowa on what NBC sitcom?,About a Boy
"The Ronkonkama railroad station and the town of Islip, New York are near?",Long Island
Deyemi Okanlawon was in a music viideo by a Nigerian rapper who began his career with what group?,The School Boys
"Erik Marcisak was named one of Top Ten ""Comedy Best Bets"" by a brand with special focus on what ?","casting, job opportunities, and career advice"
Gül Mosque and Hippodrome of Constantinople are both located where?,"Istanbul, Turkey"
Who is the Chief Executive Officer of the corporation that owns Space Dev?,Fatih Ozmen
What other method of extending an ice hockey game exists other than the one used in the 1932 Allan Cup?,the shootout
What is one of the most successful retro-clones that is no longer supported by Wizards of the Coast?,Old School Reference and Index Compilation
"The player also known as  ""O Fenômeno"" is responsible for popularized a soccer move first reported to be used by what player?",Law Adam
"Who was the writer of the graphic novel upon which the 2003 American superhero film, directed by Bryan Singer, is based?",Chris Claremont
"When was the American singer, songwriter, actress and LGBT rights activist born who won Grammy and Emmy award?",22-Jun-53
Which team based in South Wales participated in a final game of 1980 Welsh Cup Final?,Newport County
What Nobel Laureate teaches at  Chapman University?,Vernon Smith
Chuck Berry House was where the 1957 hit single that reached what ranking on the R&B singles chart was composed?,number 8
Finna Get Loose is a song by Puff Daddy and what American rapper who is also a record and film producer?,Pharrell Lanscilo Williams
Which composer was born first out of Gaspare Spontini and Wolfgang Amadeus Mozart?,Gaspare Luigi Pacifico Spontini
Do Dillingham Airport and Rafael Hernández Airport both handle civilian (passenger) service?,yes
"Which band has the guitarist Gorden Mack, Red House Painters or Daughtry?",Red House Painters
Which film industry would have films in which Ilya Khrzhanovsky would be the director?,The cinema of Russia
"What public service broadcaster with over 20,950 employees, aired the variety show Welsh Rarebit?",British Broadcasting Corporation (BBC)
What year did Francesca Caccini's father die?,1618
Are both Jonathan Marray and Wayne Black British?,no
What is the name of the national level academy for performing arts that Bhupen Hazarika won his award in 2008? ,Sangeet Natak Akademi
"Wild About Harry stars an actor born September 28, 1992 who appeared in what in 2006?",Kill Your Darlings
Which hip hop act that collaborated in the Red Hot AIDS Benefit Series was also a trio that was formed in New York?,De La Soul
Pro Evolution Soccer 2016 includes which Brazilian footballer on the cover?,Neymar
What Canadian filmmaker created a film about Bettie Page in 2005?,"Mary Harron (born January 12, 1953)"
Petroglyphs on Ingaro isalnd indicate it has been innhabited since an era that lasted until what year?,500 BC
The Genesis Flood is a book by John C. Whitcomb and what founder of the Creation Research Society and the Institute for Creation Research?,Henry Madison Morris
What is the name of the largest publicly owned company in Minnesota that is situated in Minnesota's most populous county?,United Healthcare
"Which magazine was published first, Woman's Day or The Lady?",The Lady
"Flowers in the Attick starred which ""Mad Men"" actress?",Kiernan Brennan Shipka
What is another name for the butterfly of the Hesperiidae family that is found in the third largest country in Africa?,the buff-tipped skipper
What kind of action does Mark's Pizzeria and Patxi's Chicago Pizza have in common?,founded
"Who gained recognition earlier, Tim Roth or Polly Draper","Timothy Simon ""Tim"" Roth"
Jean Hudson Boyd is known for her controversial sentencing of Ethan Couch. What was his sentence?,ten years of probation
Follow the Yellow Brick Road Tour is taking place to commemorate the album that was recorded where?,Château d'Hérouville
California joined the Union due to the passage of a package of how many separate bills?,five
"The band who released the debut album ""Tinted Windows"" had their first performance in what city?",Tulsa
"What is the nationality of the actor who was a leading man of Michèle Mercier and born on November 3, 1921?",American
"Which breed of dog came first, the Norrbottenspets or the Blue Lacy?",Norrbottenspets
"Who was the director of the film featuring the character ""Supah Ninjas""?",Don Hall
"What concert tour headlined by Coal Chamber in 1999 was named after the popular hit song by the Puerto Rican singer Ricky Martin, spanish for ""the crazy life""?",Livin' la Vida Loca
Hey Ya is a song performed on The Ed Sullivan Show on CBS by which hip hop artist in 2003?,is a song written and produced by André 3000
What items are used to play both Lapta and Rounders?,bat and ball
Of Mehran University of Engineering and Technology or University of Debrecen which is in Pakistan?,Mehran University of Engineering and Technology
"Who wrote shorter stories, Raymond Carver or Lydia Davis?",Lydia Davis
"Who produced the 2015 film starring Jesse Eisenberg, Gabriel Byrne, Isabelle Huppert, David Strathairn, and Amy Ryan?",Thomas Robsahm
"Which sports station was the host of The Late Show, prior to Damien Fahey, an anchor for?",ESPN
"How is the Dutch footballer, Ryan Babel, connected to the song, Wij Zijn Ajax?","The song also features rap parts from Darryl, RB Djan and Ryan Babel."
"Who was the author of the book ""The Coming Global Superstorm"" and was also the host of the radio program ""Coast to Coast AM?"" ",Art Bell
Which song that John Kirby scored  is often the final piece of music played during an evening of revelry?,"""Loch Lomond"""
What date in 2010 was a South Korean film starring  Kim Hyang-gi released?,14-Jan-10
What role in the military did the discoverer of the elliptical galaxy NGC 3610 have before reaching Britain ?,"Military Band of Hanover,"
Spill.com gave their final review for a movie directed by who?,John Lee Hancock
"What golf course, located in Fulton County, Georgia, saw Keegan Bradley win a championship?",Highlands Course
Who died last Vladimir Arnold or Georg Cantor?,Vladimir Igorevich Arnold
When was the singer of Miss Emily's Picture born?,11-Aug-46
"""I Wed Three Wives"" is an episode of a television series that ran on what network?",ABC
What Japanese fashion label was founded by the creator of Dover Street Market?,Comme des Garçons
"Trilochanapala, last king of the Kabul Shahi dynasty, ruled in the site of which modern country?",Afghanistan
Sachem Central School District encompasses the CDPs that include the hamlet in which New York county?,Suffolk
What film did Tom Wu appear in that also starred Jason Statham and Ray Liotta? ,Revolver
The Gap band was from what neighbor hood that was known as the black wall street?,"Greenwood neighborhood in their hometown of Tulsa, Oklahoma"
"How many total staff (including part-time, flexible, and fixed contract staff) does the broadcaster, who released HyperNormalisation, employ?","35,402"
James Conlon directed the oldest outdoor Music Festival that is located and what state?,Illinois
"Who has a wider scope of profession, Hrag Vartanian or Hovsep Pushman?",Hrag Vartanian
What is the english translation of the name of style of novel of which The Company is an example?,novel with a key
The Collection at RiverPark is anchored by Target and an American supermarket chain that features foods without what type of fat?,hydrogenated
How big is the campus of the University that Ben Bahan is a professor at ?,99 acre campus
"What is the pen name of author Carolyn Janice Cherry, who wrote the Fortress Series?","Carolyn Janice Cherry (born September 1, 1942), better known by the pen name C. J. Cherryh,"
"Father Jean-Pierre Aulneau de le Touche was killed before he could go on an expedition to Mandan, which is located in which state? ",North Dakota
Australian National Airways was founded by the person who made the first what in 1928?,trans-Pacific flight
"What phone series serves as the successor to phones officially unveiled at the ""Samsung Unpacked 2015"" event?",The S7 series
Are Yoo-hoo and Faygo both carbonated drinks?,no
"Who stared as the ""father of the atomic bomb"" in a 1980 television miniseries?",Sam Waterston
Graham Linehan was the creator of the Ash Atalla-produced sitcom for what UK channel?,Channel 4
"Thomas Maclellan of Bombie was Provost of what town, as well as constructing MacLellan's Castle in the center of that town?","Kirkcudbright, southwest Scotland"
What profession does Leonty Magnitsky and Leonid Khachiyan have in common?,mathematician
"What country does Salmonby and Somersby, Lincolnshire have in common?",England
What was need in order to diverge from the chinese ritual uniting spouses by pre-arrangement between families?,constant support from propaganda campaigns
" ""Hold On"" is a song that features the vocals of a British singer whose debut album won what prize in 2017?",Mercury Prize
"Kacha, Sevastopol is a settlement that is part of a sovereign state bordered on the northwest by which country?",Belarus
Author David Chanoff has collaborated with a U.S. Navy admiral who served as the ambassador to the United Kingdom under which President?,Bill Clinton
"1995's ""Highest paid model"" according to Forbes played a what in the film ""Fair Game""?",family law attorney
Heath Ledger Australian actor was in the movie Brokeback Mountain directed by who?,Ang Lee
"Which composer was born later, Gaetano Donizetti or William Walton?",William Turner Walton
What wrestling team is Mathew Thomas Rehwoldt a part of?,The Vaudevillains
"Which of these is a genus of flowering plants, Anemopaegma or Semele?",Anemopaegma
"Which is located in Cornwall, Southwell Minster or Truro Cathedral?","The Cathedral of the Blessed Virgin Mary, Truro"
"Which director was from a country closer to Canada, J. Searle Dawley or Lionel Ngakane?",James Searle Dawley
Who was born first Iain Pears or Richard Llewellyn ?,Richard Dafydd Vivian Llewellyn
"What time did the show, in which Gordon Burns was the host, usually air on Monday?",7pm
What is the name the Columbian film loosely based on a story about a dying child's dreams and hope first published in 1845 by Hans Christian Andersen?,The Little Match Girl
What kind of film was the film who featured Auli'i Cravalho?,3D computer-animated musical fantasy-adventure film
Who starred in Smurfs: The Lost Village and was also in The Office?,Ellie Kemper
Daburiyya is 8km east of a city where where percentage of its citizens are Christian?,30.90%
"Who lived longer, Tony Richardson or Giorgio Ferroni?",Giorgio Ferroni
The uncle of Paul Capellani died at a military operation during a battle was fought between who?,the Allies and Nazi Germany
Armand Castelmary played Horatio in the 1868 version of the opera set to a play by whom?,William Shakespeare
The first person to reach both poles named a glacier after which person? ,the daughter of Fridtjof Nansen.
Have Jelena Janković and Marat Safin both played tennis professionally?,yes
What is the birth name of Nadeem Siddique's favorite boxer?,Walker Smith Jr.
What movie genre did Emmanuelle Vaugier play a supporting role in?,satirical erotic romantic comedy
In which war was the Meuse-Argonne Offensive executed?,World War I.
"Which of Aaron Goodwin client was born in May 31, 1984?",Nate Robinson
In which part of New York was the singer who released the song No Problem raised ?,Harlem
"Which TV series directed and written by the same person as ""Buffy the Vampire Slayer"" starred Tahmoh Penikett?",Dollhouse
"What was the significance of the lions, about whom a fictionalized account provided the basis of the film, The Ghost and the Darkness?",their unusual behavior
What exit of Garden State Parkway should you take in order to get to the Seacourt Pavilion?,Exit 82
Are both Jack and Coke and Clover Club Cocktail cocktails?,yes
Are either Edward H. Griffith or Edward Burns from Germany?,no
What is Peter Daou's website's slogan?,"""media for the 65.8 million,"""
The 43d Air Mobility Operations Group is stationed at which largest military installation?,Fort Bragg
" During what years did the railroad that had a station stop in Ringling, Montana operate?",from 1847 until 1980
"William Sidney Sid Hatfield was the Police Chief of Matewan, West Virginia during a shootout between local coal miners and the Baldwin-Felts Detective Agency that is referred to as what?",Battle of Matewan
"Which American musician, principally known for his work as guitarist, vocalist and songwriter released the Voice Of Reason album?",Robert Arthur Mould
"What is the nationality of this actor, film producer and musician who has lived most of his life in Australia and appeared in Romper Stomper alongside Daniel Pollock, Jacqueline McKenzie and Tony Lee?",New Zealand citizen
which persons private jet called Trump Force One which is built by Boeing Commercial Airplanes and is the manufacturer's largest single aisle passenger aircraft that is produced from 1981 to 2004?,Donald J. Trump's private jet
What group did the 253 West 125th Street-contest winner Spyder Turner sing back up for?,The Stereophonics and The Fabulous Counts
"What is the character's name for which Anna Leonidovna Kovalchuk won a prize in the legal festival ""Law and Society""?",Chief Detective Maria Shvetsova
What is the estimated population of the city in which the suburb of Beaumont is located ?,"44,300"
The 2003 South Australian National Football League Grand Final saw the Central District Bulldogs defeat a football club whose home base is currently known as what?,City Mazda Stadium
What was the nationality of the composer of Chaconne in F minor?,German
In what year was the college that Cal Hovde served as dean for founded?,1754
Which constituent college of the University of Oxford in England was Francis Leighton warden of?,"All Souls College, Oxford"
What is  Cyaxares relationship to the man that governed for 53 years?,r grandfather <a hr
 Are Finding Kraftland and Shikashika both frozen drinks?,Shikashika is a shaved ice drink
Are Toshi and Warrel Dane both in the band Sanctuary?,no
Which of the cities of Dujiangyan City and Ezhou has the larger population according to their latest census ?,Ezhou
"Who was the  ""King of Denmark, the Vends and the Goths, elected King of Norway's"" brother?",king John of Denmark
What contest did Drew Barry's younger brother win in 1996?,the 1996 NBA Slam Dunk Contest
where is a  football club which Aly Mohamed play for from ,United Arab Emirates
Raiffeisen Zentralbank is the central institution of one a group of co-operative banks in Austria. What is the name of the other group?,Austrian Volksbanks
"In which year did this Russian actress  who produced and performed in the 1922 American silent drama film ""A Doll's House"" immigrate to the United States?",1905
" the movie ""A Cure for Wellness"" was a science fiction?",is a 2016 science fiction psychological horror
What position did the 2004 World Series of Poker gold bracelet holder have in the 2011 Epic Poker League?,Commissioner
"Which band has more members, Chvrches or Goodbye Mr. Mackenzie?",Goodbye Mr Mackenzie
"What major landform lended its name to both the Blue Ridge Music Center, and American's longest linear park?",469 mi
What two occupations did Scott Weiland and Richard Hawley have in common?,singer and songwriter
Who is older Charles R. Black Jr. or Paul Manafort?,Charles R. Black Jr.
What university did the winner of the 2014 CFL's Most Outstanding Defensive Player Award attend?,University of Hawaii at Manoa
Sony/Philips Digital Interface Format can transmit over what Toshiba optical fiber connector system?,"TOSLINK (from ""Toshiba Link"") is a standardized optical fiber connector system."
Sadok Sassi played for a national team that made its first World Cup in what year?,1978
Who was born first Garo Yepremian or Michael Casey ?,"""Garo"" Yepremian"
Grigori 3's music is commonly compared to an American rock band founded in what year?,1995
"Kung Fu Magoo is a Mexican-American animated action comedy film with an English voice cast star best known for her roll as what in ""Naruto""? ",Naruto Uzumaki
Nikhil Nanda is the son of the insurance advisor in what business?,life insurance
What year did a Russian soprano opera singer born in October 1926 leave Russia with her cellist husband and daughter?,1974
"A play that was first performed on February 16th, 1728, at the Theatre Royal, was written by an English novelist who was also the author of what novel?",Tom Jones
Alhambra and Tsuro are both examples of what type of game?,tile-based board game
"What NFL Team, undefeated in 1972, had on their staff the coach of the 2004 Florida Atlantic Owls football team?",Miami Dolphins
What year did Fifty Shades of Grey release?,2011
"Which band had more members, Semisonic or Cake?",Cake
Who is writing a book about the Koch family who control the second-largest privately owned company in the United States?,Jane Mayer
"The debut album came out in 1988 but what year did the song ""She's My Baby"" come out in?",1990
"El Chavo is a video game published by Slang Publishing, that was based on what Mexican animated series that was based on another TV series created by Roberto Gomez Bolanos?",El Chavo Animado
Who was soldier Archie A. Peck's commanding officer during the Meuse-Argonne Offensive?,Major Charles White Whittlesey
"Who has won more literary awards, Annie Dillard or Gabriel García Márquez?",Gabriel José de la Concordia García Márquez
Were The Living Desert and What Would Jesus Buy? directed by the same person?,no
"Does Jimmy Barnes have more hits, both solo and in a group, than Yang Seung-ho has with his group?",yes
Which publisher produced the comic books featuring both Spider-Man and the Daredevils?,Marvel
What university did Bill Daly graduate that Gary Bettman also graduated from?,New York University School of Law
Ellesmere Port Town Football Club are currently members of what English football league whose current principal sponsor is Carlsberg?,West Cheshire Association Football League
What is the middle name of the former Stanford Cardinals player who caught 57 passes for 1010 yards and 14 TDs?,David
Who was the secretary to the Winter Queen?,Sir Francis Nethersole
Triangle Brewing Company was started by a founder who had experience as what non-commercial alcohol producer?,homebrewer
What is the legal name of Johnny Campbell's hometown?,Londonderry
Tom Thumb Food & Pharmacy is part of the southern division of a grocery company based in what city?,Boise
Where is stadium that was named after Rodney Cline Carew?,Panama City
Why is Bangor Daily News talkin about Sawin Millett?,Commissioner by the Maine Senate
"In what movie did a Kenyan-Mexican actress, who graduated from Hampshire College, star in in 2015?",Star Wars: The Force Awakens
"What actor, who passed away in 1942 was also the producer of the stage version of the 1940 spy film which stars Boris Karloff and Margaret Lindsay?",George M. Cohan
"Are both, Boise State University and Syracuse University, public colleges?",no
Which actress played a character that dated Mark Brendanawicz?,Rashida Jones
What was the specialization of an American naval officer who led the aircraft of the United States Antarctic Service to photograph Cox Point?,feats of exploration
In what language was the 2007 Indian romantic drama staring Kareena Kapoor and Shahid Kapoor produced in? ,Partly Punjabi
"The Mutlu Onaral album ""Livin' It"" was produced by the bassist for what duo?",Hall & Oates
Tommy Swerdlow co-wrote the screenplay of what film directed by Jon Turteltaub?,Cool Runnings
"Who would you be more worried about playing a chess game against, Marcel Duchamp or Jiang Wen",Duchamp
"Which state was the The Laboratory's 60,000 square-foot, shore-based campus located?","Maine, United States"
What is the name the French give to the war during which the Prussians occupied the Pavillon du Butard?,War of 1870
What year was the voice actress of an animated television series premiered on Cartoon Network born?,1967
In what year was the 1965 World Series MVP elected to the Baseball Hall of Fame?,1972
How many times has the driver who placed third in the 2003 Italian Grand Prix won at the Grand Prix?,11
Who directed the 2007 film which  Sasson Gabai won an Ophir Award for?,Eran Kolirin
The Florida Atlantic Owls team represents a school classified by the Carnegie Foundation as what?,a research university
Who starred as a divorced mother in an American sitcom produced by Danny Bonaduce's father?,Bonnie Franklin
Alex Yemenidjian is the CEO of the company that owns what Las Vegas Strip hotel?,Tropicana Las Vegas
"How long did The Shire of Flinders, which encompassed the extremity of the Mornington Peninsula located south-east of Melbourne, Australia, exist?",1874 until 1994
How old was Virginia Bruce when she starred in Let Freedom Ring?,29
"Who was Germany's large-scale, low strength fortification unit, disbanded in 1919, named after? ",Menges
When was Leeds no longer called Elmet?,early 7th century
Ip Man 3 is the second sequal to the biographical martial arts films first released in what year?,2008
The winning jockey of the 1997 Cheltenham Gold Cup held a record for winner of what award 20 consecutive times?,Champion Jockey
Are Dorothy Parker and Maxine Kumin the same nationality?,yes
Oxley Highway ends at a coastal town that had how many inhabitants in June 2016 ?,"45,698"
What horror movie set in 1972 Vietnam was filmed in part in Bokor Hill Station?,R-Point
"What character did Selina Giles play in the 2005 dystopian political thriller named ""V for Vendetta""?",Evey's mother
What is the electric racing series British race car driver Alex Lynn drives for and is owned by Virgin Group?,DS Virgin Racing Formula E Team
How many rooms are in the hotel that is home to the Cirque du Soleil show Mystere?,"2,664"
"Por Baazar contains a cameo by an Indian film director, screenwriter, producer, actor, playback singer, and television host, who was born to Javed Akhtar and who?",Honey Irani
"""It Girl"" is musically classified in the middle of what terminology describing the speed or pace of a given piece?",tempo
"Before the 2004-2005 Minnesota Timberwovles season, what had Sam Cassell had been honored with what titles?",All-NBA Team
What university employed the psychologist that inspired David McClelland's thinking on power??,Harvard University
Which U.S. State contains tropical wetlands and Diamondback Airboats?,Florida
What group of people are described as semi-nomadic and speak the Semitic language ? ,Semitic people
What muffler repair shop owner inspired Andrey Zvyagintsev's film Leviathan?,Marvin John Heemeyer
 What annual event occurs on a property co-founded by an American who was the best-selling recording artist of the 20th century?,San Diego County Fair
What is the name of the Minahasa journalist and novelist who was active in the colonies incorporated into the Dutch government in 1800?,Frederick D. J. Pangemanann
"Which city has a higher population, Shanghai or Hengyang?",Shanghai
"Rosi Golan's songs were featured in commercials for a brand of Artsana, that's been working for over 50 years, and is present in how many countries?",more than 120 countries
"What American actress starred in the 1996 television film ""Bastard Out of Carolina"" directed by Anjelica Huston?",Jena Malone
"Who is older, Lucy Gichuhi or Bob Day?",Bob Day
"Parafield, South Australia is very near the airport and what campus of the University of South Australia?",Mawson Lakes
"Undiscovered Country is a reference to the concept of the afterlife as the ""undiscovered country"" from which opening phrase of a soliloquy spoken by Prince Hamlet in the so-called ""nunnery scene"" of William Shakespeare's play ""Hamlet""?",To be
The winner of the FIA World Endurance Championship in 2013 drove the Toyota TF101 with who?,Mika Salo
What position did the current Leader of Fine Gael hold from 2016 until 2017?,Minister for Social Protection
Which Victorian poet was born in a 15th-century castle home to the Earl of Southesk?,Charlotte Carnegie
What unit of the Air National Guard is located at a base that was home to the 509th Bomb Wing flying the General Dynamics FB-111A?,133d Air Refueling Squadron
What retailer did Albert Heijn start up that eventually merged with the Delhaize Group?,Koninklijke Ahold N.V.
"The Light Princess was inspired by ""what"" literary tale published by Charles Perrault in 1697?",Sleeping Beauty
"A small regional passenger airline from Killeen, Texas moved its operations from a city owned public airport 6 miles northwest of Downtown Dallas to what airport?",Dallas/Fort Worth International Airport
"The head of the Foreign Relations Department of the Rastriya Janashakti Party holds a degree that can be abbreviated MS, M.S., or ScM, in what field?",Engineering
"Flower Alley was bred by the trainer who was killed at what Fayette County, Kentucky airport?",Blue Grass Airport
"Domestic Disturbance stars an actor who voiced what character in ""Monsters, Inc.""?",Randall Boggs
This Australian racing driver currently drives the No. 22 Holden VF Commodore produced by Holden Commodore which manufactures what other models?,sedan and station wagon
"Who was born first, Vladimir Nabokov or Harper Lee?",Vladimir Vladimirovich Nabokov
Little Brown Stein is a rivalry trophy that imitates a mug made out of what item?,stoneware
"Who was born first, Lawrence Ferlinghetti or Luigi Pirandello?",Luigi Pirandello
Which Record Company reissued an Avenged Sevenfold Album that only sold 300 copies?,Hopeless Records
When was the company that produced rectangular crackers that have 18 holes in a 3x6 pattern founded?,1853
What US city between New York and Quebec Canada was the most effected during the Taconic orogeny?,New England
"Between the two operas, Mosè in Egitto and Lucrezia Borgia, which one has more acts?",Mosè in Egitto
What movies has Juno Temple starred in?,"She has appeared in films such as "" Black Mass"", ""The Other Boleyn Girl"", ""Wild Child"", ""Atonement"", ""Maleficent"", ""The Three Musketeers"" and ""The Dark Knight Rises""."
Which as more species Cassiope or Deutzia?,Deutzia
"Which of the actress starred in  Zombie Night appeared in the 1998 erotic thriller ""Wild Things""?",Jennifer Taylor
"David Wayne Hull (born 1962 or 1963) is a leader of which group that originated in Mississippi in the early 1960s under the leadership of Samuel Bowers, its first Grand Wizard?",White Knights
How many Grammy awards were won by an album named after the Joni Mitchell song from Love Actually?,two Grammy awards
When was the group formed whose Japanese debut EP/ video album is called Nobody for Everybody ?,2006
When was the son of Kingsley Amis born ?,1949
Lean on Pete stars the actor best known for playing what role in Granite Flats?,Timmy Sanders
What star of a Matthew Senreich and Zeb Wells comedy was born in July of 1983?,Heidi Lynn Gardner
What other jobs did the actress Olivia Munn from Mortdecai have?,model
Which major international airport in south-east England ranks as the 8th busiest airport in Europe and replaced Croydon Airport?,Gatwick Airport
Both Alexander Hall and Pierre Morel are involved in which profession?,film director
What type of movies are 101 Dalmatians and G-Force?,American family comedy adventure
Who was the winner of the season of The Rap Game where a contestant named Lady Leshurr as one of her influences?,Mani
"What Box Codax group musician was also the guitarist, backing/lead vocalist and keyboardist of another Glasgow-based band?","Nicholas John ""Nick"" McCarthy"
"Professional cyclist Sara Symington competed in which Olympic Games held in Sydeney, Australia?",2000 Summer Olympic Games
"Which super bowl that took place at the Miami Dolphins home stadium, featured the San Francisco 49ers defeating the San Diego Chargers?",Super Bowl XXIX
What cover for the main game of NBA 2K16 earned a gold medal playing with Team USA at the 2012 Summer Olympics?,Anthony Davis
What 4 divisions make up the company of the wealthiest person in Georgia?,"newspapers, television, radio, cable television"
Where did the opera in which Iva Pacetti starred as Elena first premier?,"La Scala, Milan"
What was the nationality and profession of the person responsible for the concept of a dimensionless number in physics and engineering?,French mathematician and physicist
Between Pinanga and Alopecurus which genus is more common in temperate regions?,Alopecurus
"Which author was a dentist, Zane Grey or Bhabananda Deka?",Pearl Zane Grey
"Jaroslav Kvapil the Czech poet was born in the Kingdom of Bohemia, also referred to by what name?",Czech Kingdom
Were Cinderella and The Emperor's New Groove released by the same picture company?,no
"The rapper whose debut album was titled ""Thug Misses"" has sold over how many records worldwide?",2 million
José Baviera starred in the 1962 film by the filmmaker who worked in what countries?,"Spain, Mexico and France"
Extract starred what American actress who is known for her work on Saturday Night Live from 2005-2012?,Kristen Carroll Wiig
What member from The Clinch Mountain Boys plays at the Huck Finn Jubilee Bluegrass Music Festival?,Ralph Edmund Stanley
"Which American actor portray Steve Urkel in ""Family Matters""",Jaleel Ahmad White
The 2000 ICC KnockOut Trophy was the debut of a Jamaican cricketer who is a right-handed what?,middle order batsman
"What other occupation did the ""Law West of the Pecos"" have?",saloon-keeper
For what ogranization does a commentator of Press TV serve as associate director?,Henry Jackson Society
How many episodes were made for the science fiction series with Gus Birney?,ten
In between  Polytechnic University of the Philippines and California Polytechnic State University which was founded as a vocational high school?,California Polytechnic State University
"Which composer, who was a crucial figure in the transition between the Classical and Romantic eras in Western art music, wrote Piano Sonata No. 16 ?",Ludwig van Beethoven
Where did the military engagements that Captain Lewis Cunningham Broadus served during take place?,Mexico-United States border region
When was the advisor of Alpher-Bethe-Gamow paper died?,19-Aug-68
Vincas Kudirka is the author of both the music and lyrics of a national anthem which has how many words?,fifty-word
What is the name of this Austrian association football club from Vienna for which Raphael Holzhauser was a player?,Austria Wien
Ganjam district is located in an indian state located in which part of India ?,eastern India
What is the start date of this tour that was the third concert tour by an American singer-songwriter and was completed in support of the album Red?,13-Mar-13
What is one element of House dance where the dancer ripples his or her torso back and forth?,the jack
"Which 2009 animated film is from Japan, Summer Wars or The Secret of Kells?",Summer Wars
"What is the name of the 1988 film starring Gene Bervoets that was based on the Dutch to English translated novel, ""The Vanishing""?",The Vanishing
When was the first stud book created for the breed of horse that came from Rotrou introducing Arabian horses to Perche?,1883
"In what year was the drummer from the album ""Angel of Retribution"" born?",1961
William Bromley-Davenport held political office under the Prime Minister who was of which party?,Conservative
Agnes Body was the founding head of a state secondary school located on what road?,Wragby Road
Who played the role of Nettie Harris in the 1985 film directed by Steven Spielberg?,Akosua Gyamama Busia
"The actress that plays Charity in the drama series ""Greenleaf"" is a member of a musical family from what city and state?","Detroit, Michigan"
On which television network did Joe Penny play an investigator named Jake Styles?,CBS
How many times did the man who coached the 1986-87 UNLV Runnin' Rebels fail to win 20 games in a season?,twice
 Curious is a women's fragrance by a singer born in what city and state?,"McComb, Mississippi"
Were both Eugene Dynkin and Vladimir Voevodsky mathematicians from Russia?,yes
What mall was known as a twin of the mall located on I-45 on the Southeast side of Houston?,Northwest Mall
In what year did Australian-born comedian Peter Helliar write I Love you Too?,2010
"Which client of Lindka Cierach played Queen Elizabeth II in ""The Queen""?",Helen Mirren
Which ocean would the ingredients likely come from for the She-crab soup?,Atlantic Ocean
"Which writer of French descent actually lived in France, Maurice Level or John Dufresne?",Maurice Level
When did the first bank come into existence that is part of an organization that serves rural areas of India with basic banking and financial services?,on 20 July 2009
Chien-Shiung Wu's expertise in experimental physics evoked comparisons to a scientist who passed away in which year ?,1934
The 2005 film Remedy featured Frank Vincent from The Sopranos and several mob movies by which acclaimed director?,Martin Scorsese
What title did the actor who worked with Sivaji Ganesan in a 1970 drama film other than actor?,politician
"Gaia is a space observatory of the European Space Agency, what is Astrosat?",India's first dedicated multi-wavelength space observatory.
"After coaching the red raiders to several winning seasons, where does Mike Leach currently coach at?",Washington State
"Which genus has more species, Mahonia or Diplazium?",Diplazium
What is the title of the person who is Head of the Department of Biological Sciences at the University of Lincoln,Doctor
"What type of elevation does Aldgate railway station, Adelaide and Aldgate, South Australia have in common?",Hills
"Brandy was handpicked by a producer that herself had been recognized by the ""Guinness World Records"" for what?",most awarded female act of all-time
What profession did Willi Forst and Elmer Clifton share?,actor
"Which film is older, Monsters, Inc. or Earth?","Monsters, Inc."
 Chun Woo-hee's notable films include a South Korean horror film about  a policeman who investigates a series of mysterious killings and what?,illnesses
What city is home to the private research university Jung Seul-ki swam for?,"Seoul, South Korea"
"Who directed the film that had ""The Distance"" in the soundtrack?",Peter Chelsom
Jeff Perry the current star of the ABC political drama Scandal is in an upcoming thriller direct by who?,Craig William Macneill
Does Frank Pepe Pizzeria Napoletana or Donatos Pizza have more locations?,Donatos
"What event in 1920 was established by the director of the play ""The Miracle?""",Salzburg Festival
"""Let's Get Ready to Rhumble"" is a 1994 song by a music duo from where?","Newcastle upon Tyne, England"
"Don Swayze was one of five children.  His older brother was trained in dance by their mother, Patsy Swayze, leading to his role in ""Dirty Dancing"".  Who is his older brother?",Patrick Swayze
Who is Colin Kaepernick and what is his preferred nickname?,an American football quarterback
Timothy J. Sloan was the CEO of Wells Fargo who succeeded the CEO who took the job in what month?,7-Jun
"The actor that plays Phileas Fogg in ""Around the World in 80 Days"", co-starred with Gary Cooper in a 1939 Goldwyn Productions film based on a novel by what author?",Charles L. Clifford
In what town is the university which the Bryant Bulldogs represent?,"Smithfield, Rhode Island"
"Michelle Lewis has written songs for which ""Lizzie McGuire"" actress? ",Hilary Duff
From what nation is the football player who was named Man of the Match at the 2001 Intercontinental Cup?,Ghana
"Who is a guitarist, Saffron or Myles Kennedy?",Myles Kennedy
These three apps that have similar functionality to Google for Education are compatible with what Microsoft file format?,Microsoft Office
What is the name of the field marshal and strategist who was the mastermind behind the Schlieffen Plan?,Alfred Graf von Schlieffen
"A British sports, health and leisure business hosted the World Games on what dates?",July 25 to August 4
The Black Star identified closely with this American magazine magnate who was called what?,"the most influential private citizen in the America of his day"""
Which war was HMS Clonmel in where over nine million combatants died?,World War I
"Shinola LLC, an American luxury lifestyle band is owned and operated by Bedrock Brands a texas investment group launched by this man one of the founders of  Fossil Group",Tom Kartsotis
What is the current occupation of the footballer replaced by Zdenek Zeman at the beginning of the 2012-13 A. S. Roma season?  ,manager
"Nelson Chai is the former president of what financial holding company that was founded in 1908, and is headquartered in New York City?",CIT Group Inc.
What was the founding year of the county where Weber's Store is located?,1905
"In the 1973 NFL season, the Pro Bowl took place at what football stadium that is part of the Truman Sports Complex, along with what other stadium?",Kauffman Stadium
What was the Canadian movie called in Italy that stared a professional American football defensive end of the National Football League along with Michael Ironside?,Anno 2053
Are Lycoris and Ammi both native to southern Asia?,yes
"Which cast member of Pitch Perfect 2 was born March 9, 1986?",Brittany Snow
Phyllis Kohn holds a seat in the House of Representatives which meets where?,Saint Paul
"Which mountain is taller, Gasherbrum II or Langtang Ri?",Gasherbrum II
In what field did a Swiss physicist who had a geometrical representation named after him work in?,quantum mechanics
What is the nickname of the peninsula that is home to the Calabrian Black Squirrel?,"""lo Stivale"" (the Boot)"
"Which publication is older, the Stanford Chaparral or Dime Magazine? ",The Stanford Chaparral
What was the MGM Grand Garden Arena in which Britney Spears recorded fourth video album originally known as?,Grand Garden Special Events Center
Where were the brothers from that manufactured the balloon in which François Laurent d'Arlandes andJean-François Pilâtre de Rozier made the first manned free balloon flight? ,"Annonay, in Ardèche"
"Who has won the most Olympic medals for figure skating, Debi Thomas or Katarina Witt?",Katarina Witt
The most principle species of plants which requires an ericaceous type of compost can have what effect on its surroundings because of the way it takes up cations?,Peat moss can also acidify its surroundings by taking up cations
Who recorded the song written by Johnny Russell,Buck Owens
Which of the following has released ten solo albums: Kristin Hersh or Mike Patton?,Kristin Hersh
What did  the man who  led Sweden to military supremacy during the Thirty Years' War found in 1623?,court in Åbo
When was the host of the Los Angeles talk radio program Religion on the Line born?,2-Aug-48
Was Lee Grant or Colin Campbell born first?,James Colin Campbell
Which magazine ranked the Indian Carnatic vocalist who collaborated with classical pianist Anil Srinivasan among 35 Game Changers under 35?,India Today
Are David Schwimmer and James Wan in the same industry?,yes
Actor David Lee Stenstrom played the character Waldo the inventor in a TV show that ran on Nickelodeon during what yeras?,1984 to 1985
Atlanta Zero Mile Post is located within a historic area opened in what year ?,1969
In what city does the most successful American and international five-and-dime business have a historic building?,"Watertown, New York"
Who has a better career-high singles ranking Daniel Vacek or Fabio Fognini ?,Fabio Fognini
"Between Gareth Evans and Pierre Chenal, who's had a more diver career?",Gareth Huw Evans
"Which plant genus is part of a family with a longer name, Morning glory or Rothmannia?",Morning glory
Which jobs do Jeff Tremaine and Keanu Reeves share?,"director, producer"
